{
  "brand_names": [
    "Firstly",
    "Firstify",
    "FirstHub",
    "FirstPro",
    "Youngly",
    "Youngify",
    "YoungHub",
    "YoungPro",
    "MyFirst",
    "MyYoung"
  ],
  "slogans": [
    "How do you like coffee?",
    "How do you like tea?",
    "Whats a baby?",
    "What do you like on a mission?",
    "Why do you want to buy a bicycle?"
  ],
  "logo_prompts": [
    "Logo design prompt for first brand: modern, minimalist logo featuring first elements, clean lines, professional color palette",
    "Logo design prompt for first brand: modern, minimalist logo featuring abstract shapes, vibrant colors, modern typography",
    "Logo design prompt for first brand: modern, minimalist logo featuring geometric patterns, gradient colors, tech-inspired",
    "Logo design prompt for first brand: modern, minimalist logo featuring nature-inspired elements, organic shapes, earthy tones",
    "Logo design prompt for first brand: modern, minimalist logo featuring bold typography, minimalist icon, monochrome design"
  ],
  "ad_copies": [
    "Discover the future of first! Perfect for young professionals. Download now!",
    "Transform your first experience with innovative features. Built for young professionals. Try it free!",
    "Join thousands of young professionals using our first app. Innovative features included!",
    "The smart way to first. Trusted by young professionals everywhere.",
    "Revolutionize your first journey with innovative features. Made for young professionals. Get started today!"
  ],
  "pitch_sections": {
    "problem": "Current first solutions fail to adequately serve young professionals. \nKey challenges include limited accessibility, high costs, and lack of tailored features. \nThis creates a significant gap in the market for a dedicated solution.",
    "solution": "Our first platform addresses these challenges by providing . \nDesigned specifically for young professionals, we offer an intuitive, affordable, and comprehensive solution \nthat meets their unique needs.",
    "value_proposition": "We deliver unmatched value through:\n- Tailored features for young professionals\n- \n- Competitive pricing and accessibility\n- User-centric design and experience",
    "business_model": "Revenue streams:\n1. Freemium model with premium features\n2. Subscription tiers for young professionals\n3. B2B partnerships and enterprise solutions\n4. In-app purchases and value-added services",
    "market_size_estimate": "Target market: young professionals in first sector\nMarket interest score: 72.6/100 (based on trend analysis)\nAddressable market: Growing segment with strong digital adoption\nKey opportunities: Growing demand in young professionals segment, Emerging first sector with high growth potential, Digital transformation accelerating in first",
    "go_to_market": "Phase 1: Launch MVP targeting early adopters in young professionals\nPhase 2: Digital marketing campaigns (social media, content marketing)\nPhase 3: Strategic partnerships and community building\nPhase 4: Scale operations and expand feature set\nKey channels: App stores, social media, word-of-mouth, partnerships",
    "team_reqs": "Core team needed:\n- Technical Lead (Full-stack development, first domain expertise)\n- Product Manager (User experience, young professionals insights)\n- Marketing Lead (Growth hacking, digital marketing)\n- Designer (UI/UX, branding)\n- Business Development (Partnerships, sales)"
  }
}