{
  "brand_names": [
    "Webly",
    "Webify",
    "WebHub",
    "WebPro",
    "Generally",
    "Generalify",
    "GeneralHub",
    "GeneralPro",
    "MyWeb",
    "MyGeneral"
  ],
  "slogans": [
    "Empowering general public with web solutions",
    "Your trusted web partner",
    "Transforming web for general public",
    "Smart web, Better life",
    "Innovation meets web"
  ],
  "logo_prompts": [
    "Logo design prompt for web brand: modern, minimalist logo featuring web elements, clean lines, professional color palette",
    "Logo design prompt for web brand: modern, minimalist logo featuring abstract shapes, vibrant colors, modern typography",
    "Logo design prompt for web brand: modern, minimalist logo featuring geometric patterns, gradient colors, tech-inspired",
    "Logo design prompt for web brand: modern, minimalist logo featuring nature-inspired elements, organic shapes, earthy tones",
    "Logo design prompt for web brand: modern, minimalist logo featuring bold typography, minimalist icon, monochrome design"
  ],
  "ad_copies": [
    "Discover the future of web! Perfect for general public. Download now!",
    "Transform your web experience with wellbeing. Built for general public. Try it free!",
    "Join thousands of general public using our web app. Wellbeing included!",
    "The smart way to web. Trusted by general public everywhere.",
    "Revolutionize your web journey with wellbeing. Made for general public. Get started today!"
  ],
  "pitch_sections": {
    "problem": "Current web solutions fail to adequately serve general public. \nKey challenges include limited accessibility, high costs, and lack of tailored features. \nThis creates a significant gap in the market for a dedicated solution.",
    "solution": "Our web platform addresses these challenges by providing wellbeing. \nDesigned specifically for general public, we offer an intuitive, affordable, and comprehensive solution \nthat meets their unique needs.",
    "value_proposition": "We deliver unmatched value through:\n- Tailored features for general public\n- wellbeing\n- Competitive pricing and accessibility\n- User-centric design and experience",
    "business_model": "Revenue streams:\n1. Freemium model with premium features\n2. Subscription tiers for general public\n3. B2B partnerships and enterprise solutions\n4. In-app purchases and value-added services",
    "market_size_estimate": "Target market: general public in web sector\nMarket interest score: 45.5/100 (based on trend analysis)\nAddressable market: Growing segment with strong digital adoption\nKey opportunities: Growing demand in general public segment, Emerging web sector with high growth potential, Digital transformation accelerating in web",
    "go_to_market": "Phase 1: Launch MVP targeting early adopters in general public\nPhase 2: Digital marketing campaigns (social media, content marketing)\nPhase 3: Strategic partnerships and community building\nPhase 4: Scale operations and expand feature set\nKey channels: App stores, social media, word-of-mouth, partnerships",
    "team_reqs": "Core team needed:\n- Technical Lead (Full-stack development, web domain expertise)\n- Product Manager (User experience, general public insights)\n- Marketing Lead (Growth hacking, digital marketing)\n- Designer (UI/UX, branding)\n- Business Development (Partnerships, sales)"
  }
}