{
  "brand_names": [
    "Dabri Shri –",
    "Toyota Motor Corp.",
    "Nissan Motor Co.",
    "Ford Motor Co.",
    "Dabri Jeeves – logo, design, and branding names.",
    "Dabri Pouya – brand, name, color and concept.",
    "McDonalds – Brands Name",
    "Ford – Brands Name",
    "Humana Automotive",
    "Caterpillar & Co."
  ],
  "slogans": [
    "Empowering manufacturing industries with general solutions",
    "Your trusted general partner",
    "Transforming general for manufacturing industries",
    "Smart general, Better life",
    "Innovation meets general"
  ],
  "logo_prompts": [
    "Logo design prompt for general brand: modern, minimalist logo featuring general elements, clean lines, professional color palette",
    "Logo design prompt for general brand: modern, minimalist logo featuring abstract shapes, vibrant colors, modern typography",
    "Logo design prompt for general brand: modern, minimalist logo featuring geometric patterns, gradient colors, tech-inspired",
    "Logo design prompt for general brand: modern, minimalist logo featuring nature-inspired elements, organic shapes, earthy tones",
    "Logo design prompt for general brand: modern, minimalist logo featuring bold typography, minimalist icon, monochrome design"
  ],
  "ad_copies": [
    "Discover the future of general! Perfect for manufacturing industries. Download now!",
    "Transform your general experience with innovative features. Built for manufacturing industries. Try it free!",
    "Join thousands of manufacturing industries using our general app. Innovative features included!",
    "The smart way to general. Trusted by manufacturing industries everywhere.",
    "Revolutionize your general journey with innovative features. Made for manufacturing industries. Get started today!"
  ],
  "pitch_sections": {
    "problem": "Current general solutions fail to adequately serve manufacturing industries. \nKey challenges include limited accessibility, high costs, and lack of tailored features. \nThis creates a significant gap in the market for a dedicated solution.",
    "solution": "Our general platform addresses these challenges by providing . \nDesigned specifically for manufacturing industries, we offer an intuitive, affordable, and comprehensive solution \nthat meets their unique needs.",
    "value_proposition": "We deliver unmatched value through:\n- Tailored features for manufacturing industries\n- \n- Competitive pricing and accessibility\n- User-centric design and experience",
    "business_model": "Revenue streams:\n1. Freemium model with premium features\n2. Subscription tiers for manufacturing industries\n3. B2B partnerships and enterprise solutions\n4. In-app purchases and value-added services",
    "market_size_estimate": "Target market: manufacturing industries in general sector\nMarket interest score: 72.6/100 (based on trend analysis)\nAddressable market: Growing segment with strong digital adoption\nKey opportunities: Growing demand in manufacturing industries segment, Emerging general sector with high growth potential, Digital transformation accelerating in general",
    "go_to_market": "Phase 1: Launch MVP targeting early adopters in manufacturing industries\nPhase 2: Digital marketing campaigns (social media, content marketing)\nPhase 3: Strategic partnerships and community building\nPhase 4: Scale operations and expand feature set\nKey channels: App stores, social media, word-of-mouth, partnerships",
    "team_reqs": "Core team needed:\n- Technical Lead (Full-stack development, general domain expertise)\n- Product Manager (User experience, manufacturing industries insights)\n- Marketing Lead (Growth hacking, digital marketing)\n- Designer (UI/UX, branding)\n- Business Development (Partnerships, sales)"
  }
}