{
  "brand_names": [
    "Generally",
    "Generalify",
    "GeneralHub",
    "GeneralPro",
    "Oldly",
    "Oldify",
    "OldHub",
    "OldPro",
    "Peoplely",
    "Peopleify"
  ],
  "slogans": [
    "Empowering old people with general solutions",
    "Your trusted general partner",
    "Transforming general for old people",
    "Smart general, Better life",
    "Innovation meets general"
  ],
  "logo_prompts": [
    "Logo design prompt for general brand: modern, minimalist logo featuring general elements, clean lines, professional color palette",
    "Logo design prompt for general brand: modern, minimalist logo featuring abstract shapes, vibrant colors, modern typography",
    "Logo design prompt for general brand: modern, minimalist logo featuring geometric patterns, gradient colors, tech-inspired",
    "Logo design prompt for general brand: modern, minimalist logo featuring nature-inspired elements, organic shapes, earthy tones",
    "Logo design prompt for general brand: modern, minimalist logo featuring bold typography, minimalist icon, monochrome design"
  ],
  "ad_copies": [
    "Discover the future of general! Perfect for old people. Download now!",
    "Transform your general experience with innovative features. Built for old people. Try it free!",
    "Join thousands of old people using our general app. Innovative features included!",
    "The smart way to general. Trusted by old people everywhere.",
    "Revolutionize your general journey with innovative features. Made for old people. Get started today!"
  ],
  "pitch_sections": {
    "problem": "Current general solutions fail to adequately serve old people. \nKey challenges include limited accessibility, high costs, and lack of tailored features. \nThis creates a significant gap in the market for a dedicated solution.",
    "solution": "Our general platform addresses these challenges by providing . \nDesigned specifically for old people, we offer an intuitive, affordable, and comprehensive solution \nthat meets their unique needs.",
    "value_proposition": "We deliver unmatched value through:\n- Tailored features for old people\n- \n- Competitive pricing and accessibility\n- User-centric design and experience",
    "business_model": "Revenue streams:\n1. Freemium model with premium features\n2. Subscription tiers for old people\n3. B2B partnerships and enterprise solutions\n4. In-app purchases and value-added services",
    "market_size_estimate": "Target market: old people in general sector\nMarket interest score: 72.6/100 (based on trend analysis)\nAddressable market: Growing segment with strong digital adoption\nKey opportunities: Growing demand in old people segment, Emerging general sector with high growth potential, Digital transformation accelerating in general",
    "go_to_market": "Phase 1: Launch MVP targeting early adopters in old people\nPhase 2: Digital marketing campaigns (social media, content marketing)\nPhase 3: Strategic partnerships and community building\nPhase 4: Scale operations and expand feature set\nKey channels: App stores, social media, word-of-mouth, partnerships",
    "team_reqs": "Core team needed:\n- Technical Lead (Full-stack development, general domain expertise)\n- Product Manager (User experience, old people insights)\n- Marketing Lead (Growth hacking, digital marketing)\n- Designer (UI/UX, branding)\n- Business Development (Partnerships, sales)"
  }
}