{
  "brand_names": [
    "AntiSlim",
    "Bamboo",
    "Atropine",
    "Antibiotics",
    "Antioxidants",
    "Core Curls",
    "Biodiesel",
    "Barbell",
    "Leg Press",
    "Bench Press"
  ],
  "slogans": [
    "Empowering old age peoples with fitness solutions",
    "Your trusted fitness partner",
    "Transforming fitness for old age peoples",
    "Smart fitness, Better life",
    "Innovation meets fitness"
  ],
  "logo_prompts": [
    "Logo design prompt for fitness brand: modern, minimalist logo featuring fitness elements, clean lines, professional color palette",
    "Logo design prompt for fitness brand: modern, minimalist logo featuring abstract shapes, vibrant colors, modern typography",
    "Logo design prompt for fitness brand: modern, minimalist logo featuring geometric patterns, gradient colors, tech-inspired",
    "Logo design prompt for fitness brand: modern, minimalist logo featuring nature-inspired elements, organic shapes, earthy tones",
    "Logo design prompt for fitness brand: modern, minimalist logo featuring bold typography, minimalist icon, monochrome design"
  ],
  "ad_copies": [
    "Discover the future of fitness! Perfect for old age peoples. Download now!",
    "Transform your fitness experience with innovative features. Built for old age peoples. Try it free!",
    "Join thousands of old age peoples using our fitness app. Innovative features included!",
    "The smart way to fitness. Trusted by old age peoples everywhere.",
    "Revolutionize your fitness journey with innovative features. Made for old age peoples. Get started today!"
  ],
  "pitch_sections": {
    "problem": "Current fitness solutions fail to adequately serve old age peoples. \nKey challenges include limited accessibility, high costs, and lack of tailored features. \nThis creates a significant gap in the market for a dedicated solution.",
    "solution": "Our fitness platform addresses these challenges by providing . \nDesigned specifically for old age peoples, we offer an intuitive, affordable, and comprehensive solution \nthat meets their unique needs.",
    "value_proposition": "We deliver unmatched value through:\n- Tailored features for old age peoples\n- \n- Competitive pricing and accessibility\n- User-centric design and experience",
    "business_model": "Revenue streams:\n1. Freemium model with premium features\n2. Subscription tiers for old age peoples\n3. B2B partnerships and enterprise solutions\n4. In-app purchases and value-added services",
    "market_size_estimate": "Target market: old age peoples in fitness sector\nMarket interest score: 72.6/100 (based on trend analysis)\nAddressable market: Growing segment with strong digital adoption\nKey opportunities: Growing demand in old age peoples segment, Emerging fitness sector with high growth potential, Digital transformation accelerating in fitness",
    "go_to_market": "Phase 1: Launch MVP targeting early adopters in old age peoples\nPhase 2: Digital marketing campaigns (social media, content marketing)\nPhase 3: Strategic partnerships and community building\nPhase 4: Scale operations and expand feature set\nKey channels: App stores, social media, word-of-mouth, partnerships",
    "team_reqs": "Core team needed:\n- Technical Lead (Full-stack development, fitness domain expertise)\n- Product Manager (User experience, old age peoples insights)\n- Marketing Lead (Growth hacking, digital marketing)\n- Designer (UI/UX, branding)\n- Business Development (Partnerships, sales)"
  }
}