{
  "brand_names": [
    "Logisticsly",
    "Logisticsify",
    "LogisticsHub",
    "LogisticsPro",
    "LogisticsGo",
    "LogisticsNow",
    "LogisticsApp",
    "LogisticsPlus",
    "LogisticsZone",
    "LogisticsSpot"
  ],
  "slogans": [
    "Empowering WhatsApp\n- Low upfront cost with logistics solutions",
    "Your trusted logistics partner",
    "Transforming logistics for everyone",
    "Smart logistics, Better life",
    "Innovation meets logistics"
  ],
  "logo_prompts": [
    "Logo design prompt for logistics brand: modern, minimalist logo featuring logistics elements, clean lines, professional color palette",
    "Logo design prompt for logistics brand: modern, minimalist logo featuring abstract shapes, vibrant colors, modern typography",
    "Logo design prompt for logistics brand: modern, minimalist logo featuring geometric patterns, gradient colors, tech-inspired",
    "Logo design prompt for logistics brand: modern, minimalist logo featuring nature-inspired elements, organic shapes, earthy tones",
    "Logo design prompt for logistics brand: modern, minimalist logo featuring bold typography, minimalist icon, monochrome design"
  ],
  "ad_copies": [
    "Discover the future of logistics! Perfect for WhatsApp\n- Low upfront cost. Download now!",
    "Transform your logistics experience. Built for WhatsApp\n- Low upfront cost. Try it free!",
    "Join thousands using our logistics app. Designed for WhatsApp\n- Low upfront cost.",
    "The smart way to logistics. Trusted by WhatsApp\n- Low upfront cost everywhere.",
    "Revolutionize your logistics journey. Made for WhatsApp\n- Low upfront cost. Get started today!"
  ],
  "pitch_sections": {
    "problem": "Current logistics solutions fail to adequately serve WhatsApp\n- Low upfront cost. \nKey challenges include limited accessibility, high costs, and lack of tailored features. \nThis creates a significant gap in the market for a dedicated solution.",
    "solution": "Our logistics platform addresses these challenges by providing nearby laundromats, pickup, delivery, logistics, logistics bridge, need, machines, shop, 🧩, laundry pickup, partner, local laundromats, delivery partner, orders, service, eco, eco friendly detergents, subscription, subscription plans, 💡, tech, heavy backend, Low upfront cost, scooter, laundry partners, real problem, students, working, working professionals, families, 📈, cleaning, shoe, ironing shoe cleaning, monthly plans, hostels, PGs, basic app, demand. \nDesigned specifically for WhatsApp\n- Low upfront cost, we offer an intuitive, affordable, and comprehensive solution \nthat meets their unique needs.",
    "value_proposition": "We deliver unmatched value through:\n- Tailored features for WhatsApp\n- Low upfront cost\n- nearby laundromats, pickup, delivery, logistics, logistics bridge, need, machines, shop, 🧩, laundry pickup, partner, local laundromats, delivery partner, orders, service, eco, eco friendly detergents, subscription, subscription plans, 💡, tech, heavy backend, Low upfront cost, scooter, laundry partners, real problem, students, working, working professionals, families, 📈, cleaning, shoe, ironing shoe cleaning, monthly plans, hostels, PGs, basic app, demand\n- Competitive pricing and accessibility\n- User-centric design and experience",
    "business_model": "Revenue streams:\n1. Freemium model with premium features\n2. Subscription tiers for WhatsApp\n- Low upfront cost\n3. B2B partnerships and enterprise solutions\n4. In-app purchases and value-added services",
    "market_size_estimate": "Target market: WhatsApp\n- Low upfront cost in logistics sector\nMarket interest score: 72.6/100 (based on trend analysis)\nAddressable market: Growing segment with strong digital adoption\nKey opportunities: Growing demand in WhatsApp\n- Low upfront cost, Emerging logistics sector, Digital transformation trends",
    "go_to_market": "Phase 1: Launch MVP targeting early adopters in WhatsApp\n- Low upfront cost\nPhase 2: Digital marketing campaigns (social media, content marketing)\nPhase 3: Strategic partnerships and community building\nPhase 4: Scale operations and expand feature set\nKey channels: App stores, social media, word-of-mouth, partnerships",
    "team_reqs": "Core team needed:\n- Technical Lead (Full-stack development, logistics domain expertise)\n- Product Manager (User experience, WhatsApp\n- Low upfront cost insights)\n- Marketing Lead (Growth hacking, digital marketing)\n- Designer (UI/UX, branding)\n- Business Development (Partnerships, sales)"
  }
}